{"model_version": "2.1.0", "last_trained": "2025-11-02T19:48:11.501545", "is_trained": true, "model_performance": {"flood": {"mse": 0.2476906291387959, "mae": 0.39309988785671673, "r2": 0.9617015019886515, "accuracy": 0.9432, "precision": 0.9374726716222125, "recall": 0.9382932166301969, "f1_score": 0.9378827646544182}, "fire": {"mse": 0.31930325398932463, "mae": 0.45233091687194044, "r2": 0.8925194441824545, "accuracy": 0.916, "precision": 0.9133458143888741, "recall": 0.972657362574765, "f1_score": 0.9420689655172414}, "earthquake": {"mse": 0.07875425326929944, "mae": 0.20506795768276714, "r2": 0.9433540323982242, "accuracy": 0.9996, "precision": 0.0, "recall": 0.0, "f1_score": 0.0}, "storm": {"mse": 0.4598206212572695, "mae": 0.5294271610825972, "r2": 0.8991084361834845, "accuracy": 0.9366, "precision": 0.9234972677595629, "recall": 0.9315571887919155, "f1_score": 0.9275097187285616}}}